EID,GPU Duration (¦Ìs),Input Vertices Read,Input Primitives,GS Primitives,Rasterizer Invocations,Rasterized Primitives,Samples Passed,VS Invocations,TCS Invocations,TES Invocations,GS Invocations,PS Invocations,CS Invocations
38,2.784,0,0,0,0,0,0,0,0,0,0,0,0
40,1.664,0,0,0,0,0,0,0,0,0,0,0,0
42,1.568,0,0,0,0,0,0,0,0,0,0,0,0
44,1.568,0,0,0,0,0,0,0,0,0,0,0,0
46,2.208,0,0,0,0,0,0,0,0,0,0,0,0
48,1.984,0,0,0,0,0,0,0,0,0,0,0,0
50,1.344,0,0,0,0,0,0,0,0,0,0,0,0
52,1.952,0,0,0,0,0,0,0,0,0,0,0,0
54,1.024,0,0,0,0,0,0,0,0,0,0,0,0
56,1.632,0,0,0,0,0,0,0,0,0,0,0,0
58,2.272,0,0,0,0,0,0,0,0,0,0,0,0
60,11.072,0,0,0,0,0,0,0,0,0,0,0,0
62,2.624,0,0,0,0,0,0,0,0,0,0,0,0
64,2.432,0,0,0,0,0,0,0,0,0,0,0,0
66,1.792,0,0,0,0,0,0,0,0,0,0,0,0
68,1.984,0,0,0,0,0,0,0,0,0,0,0,0
70,1.376,0,0,0,0,0,0,0,0,0,0,0,0
72,1.632,0,0,0,0,0,0,0,0,0,0,0,0
74,5.536,0,0,0,0,0,0,0,0,0,0,0,0
76,1.824,0,0,0,0,0,0,0,0,0,0,0,0
78,2.144,0,0,0,0,0,0,0,0,0,0,0,0
80,1.664,0,0,0,0,0,0,0,0,0,0,0,0
82,2.08,0,0,0,0,0,0,0,0,0,0,0,0
84,1.504,0,0,0,0,0,0,0,0,0,0,0,0
86,1.92,0,0,0,0,0,0,0,0,0,0,0,0
88,1.76,0,0,0,0,0,0,0,0,0,0,0,0
90,1.312,0,0,0,0,0,0,0,0,0,0,0,0
92,1.728,0,0,0,0,0,0,0,0,0,0,0,0
94,0.992,0,0,0,0,0,0,0,0,0,0,0,0
96,8.672,0,0,0,0,0,0,0,0,0,0,0,0
98,2.176,0,0,0,0,0,0,0,0,0,0,0,0
113,0.992,0,0,0,0,0,0,0,0,0,0,0,0
114,0.704,0,0,0,0,0,0,0,0,0,0,0,0
115,0.928,0,0,0,0,0,0,0,0,0,0,0,0
116,0.896,0,0,0,0,0,0,0,0,0,0,0,0
128,9.216,0,0,0,0,0,0,0,0,0,0,0,64
131,6.144,0,0,0,0,0,0,0,0,0,0,0,64
133,7.168,0,0,0,0,0,0,0,0,0,0,0,320
136,7.168,0,0,0,0,0,0,0,0,0,0,0,128
162,2.048,0,0,0,0,0,0,0,0,0,0,0,64
166,4.096,0,0,0,0,0,0,0,0,0,0,0,64
169,2.048,0,0,0,0,0,0,0,0,0,0,0,64
173,4.096,0,0,0,0,0,0,0,0,0,0,0,64
176,2.048,0,0,0,0,0,0,0,0,0,0,0,64
180,3.072,0,0,0,0,0,0,0,0,0,0,0,320
183,1.024,0,0,0,0,0,0,0,0,0,0,0,64
187,3.072,0,0,0,0,0,0,0,0,0,0,0,64
218,0.00,0,0,0,0,0,0,0,0,0,0,0,0
219,2.048,6144,2048,0,2048,2048,0,4096,0,0,0,0,0
220,6.144,1428,476,0,476,476,3511,952,0,0,0,1965,0
221,5.12,9216,3072,0,3072,3072,17864,6144,0,0,0,11141,0
222,2.048,1536,512,0,512,512,0,1024,0,0,0,0,0
223,6.144,8922,2974,0,2974,2974,13258,5948,0,0,0,9090,0
224,3.072,1938,646,0,646,646,4977,1292,0,0,0,3477,0
225,1.024,6144,2048,0,2048,800,0,4096,0,0,0,0,0
226,4.096,2058,686,0,686,686,7783,1372,0,0,0,3509,0
227,2.048,6144,2048,0,2048,2048,0,4096,0,0,0,0,0
228,2.048,6144,2048,0,2048,2048,0,4096,0,0,0,0,0
229,3.072,6144,2048,0,2048,2048,0,4096,0,0,0,0,0
230,6.144,9486,3162,0,3162,3162,16299,6324,0,0,0,11030,0
231,3.072,120,40,0,40,40,337,80,0,0,0,196,0
232,9.216,11370,3790,0,3790,1268,136652,7580,0,0,0,47719,0
233,2.048,4608,1536,0,1536,1536,0,3072,0,0,0,0,0
234,5.12,2814,938,0,938,938,15705,1876,0,0,0,7518,0
235,5.12,7608,2536,0,2536,2536,7160,5072,0,0,0,5236,0
236,5.12,5994,1998,0,1998,1998,23821,3996,0,0,0,10236,0
237,5.12,9474,3158,0,3158,2980,11706,6316,0,0,0,8296,0
238,7.168,10152,3384,0,3384,2296,57642,6768,0,0,0,26184,0
239,4.096,1074,358,0,358,358,1407,716,0,0,0,1010,0
240,6.144,10446,3482,0,3482,3482,14802,6964,0,0,0,8828,0
241,3.072,690,230,0,230,230,1417,460,0,0,0,876,0
242,5.12,10758,3586,0,3586,3586,953,7172,0,0,0,641,0
243,4.096,228,76,0,76,76,715,152,0,0,0,326,0
244,4.096,594,198,0,198,198,2339,396,0,0,0,1030,0
245,3.072,6144,2048,0,2048,2048,0,4096,0,0,0,0,0
246,2.048,3072,1024,0,1024,1024,0,2048,0,0,0,0,0
247,2.048,48,16,0,16,16,0,32,0,0,0,0,0
248,6.144,10464,3488,0,3488,3488,850,6976,0,0,0,609,0
249,4.096,10554,3518,0,3518,3231,142,7036,0,0,0,93,0
250,3.072,2406,802,0,802,794,14,1604,0,0,0,8,0
251,2.048,636,212,0,212,146,0,424,0,0,0,0,0
252,2.048,6144,2048,0,2048,234,0,4096,0,0,0,0,0
253,3.072,12330,4110,0,4110,331,51,8220,0,0,0,29,0
254,4.096,9138,3046,0,3046,985,236,6092,0,0,0,190,0
255,4.096,4464,1488,0,1488,1479,0,2976,0,0,0,0,0
256,2.048,4608,1536,0,1536,927,0,3072,0,0,0,0,0
257,2.048,48,16,0,16,16,0,32,0,0,0,0,0
258,5.12,5718,1906,0,1906,688,38,3812,0,0,0,36,0
259,2.048,3546,1182,0,1182,190,0,2364,0,0,0,0,0
260,3.072,192,64,0,64,44,0,128,0,0,0,0,0
261,2.048,6144,2048,0,2048,125,0,4096,0,0,0,0,0
262,2.048,8124,2708,0,2708,0,0,5416,0,0,0,0,0
263,2.048,6144,2048,0,2048,2048,0,4096,0,0,0,0,0
264,4.096,1368,456,0,456,456,873,912,0,0,0,618,0
265,3.04,6144,2048,0,2048,2034,0,4096,0,0,0,0,0
266,2.048,6144,2048,0,2048,2047,0,4096,0,0,0,0,0
267,17.408,10596,3532,0,3532,2673,481409,7064,0,0,0,151779,0
268,4.096,6144,2048,0,2048,2048,0,4096,0,0,0,0,0
269,4.096,12,4,0,4,4,26,8,0,0,0,22,0
270,5.12,2406,802,0,802,802,6895,1604,0,0,0,3622,0
271,8.192,13218,4406,0,4406,4406,33362,8812,0,0,0,16018,0
272,7.168,18534,6178,0,6178,6178,13768,12356,0,0,0,7601,0
273,4.096,1542,514,0,514,514,13,1028,0,0,0,11,0
274,2.048,1536,512,0,512,512,0,1024,0,0,0,0,0
275,3.072,9870,3290,0,3290,431,0,6580,0,0,0,0,0
276,4.096,1632,544,0,544,544,5951,1088,0,0,0,2757,0
277,3.072,1536,512,0,512,512,0,1024,0,0,0,0,0
278,3.072,6144,2048,0,2048,1226,0,4096,0,0,0,0,0
279,5.12,6858,2286,0,2286,65,1160,4572,0,0,0,517,0
280,3.072,6144,2048,0,2048,2048,0,4096,0,0,0,0,0
281,3.072,6144,2048,0,2048,2048,0,4096,0,0,0,0,0
282,4.096,6144,2048,0,2048,2048,0,4096,0,0,0,0,0
283,3.072,84,28,0,28,28,0,56,0,0,0,0,0
284,8.192,5736,1912,0,1912,1737,83435,3824,0,0,0,28945,0
285,6.144,10284,3428,0,3428,2491,3121,6856,0,0,0,1745,0
286,6.144,6684,2228,0,2228,2228,7090,4456,0,0,0,5267,0
287,3.072,6144,2048,0,2048,646,0,4096,0,0,0,0,0
288,7.168,14766,4922,0,4922,4918,989,9844,0,0,0,617,0
289,5.12,4890,1630,0,1630,1630,569,3260,0,0,0,342,0
290,3.072,6144,2048,0,2048,637,0,4096,0,0,0,0,0
291,10.24,4032,1344,0,1344,905,175554,2688,0,0,0,56935,0
292,3.072,6144,2048,0,2048,2048,0,4096,0,0,0,0,0
293,4.096,6144,2048,0,2048,2048,0,4096,0,0,0,0,0
294,3.072,6144,2048,0,2048,2048,0,4096,0,0,0,0,0
295,3.072,6144,2048,0,2048,2048,0,4096,0,0,0,0,0
296,9.216,9450,3150,0,3150,3150,29074,6300,0,0,0,16908,0
297,6.144,3582,1194,0,1194,1194,13479,2388,0,0,0,7003,0
298,7.168,7338,2446,0,2446,2446,20059,4892,0,0,0,10895,0
299,5.12,78,26,0,26,26,117,52,0,0,0,82,0
300,7.168,7800,2600,0,2600,2600,29731,5200,0,0,0,16500,0
301,7.168,14382,4794,0,4794,4794,24,9588,0,0,0,19,0
302,6.144,4308,1436,0,1436,1436,18224,2872,0,0,0,10017,0
303,3.072,6144,2048,0,2048,2048,0,4096,0,0,0,0,0
304,4.096,6144,2048,0,2048,2048,0,4096,0,0,0,0,0
305,5.12,4134,1378,0,1378,1378,2278,2756,0,0,0,1356,0
306,4.096,6144,2048,0,2048,2048,0,4096,0,0,0,0,0
307,7.168,10842,3614,0,3614,3614,1373,7228,0,0,0,1288,0
308,6.144,9102,3034,0,3034,3034,729,6068,0,0,0,509,0
309,6.144,5046,1682,0,1682,1682,399,3364,0,0,0,298,0
310,5.12,1008,336,0,336,336,16898,672,0,0,0,6851,0
311,5.12,12288,4096,0,4096,4096,0,8192,0,0,0,0,0
312,6.144,4926,1642,0,1642,1642,1335,3284,0,0,0,1133,0
313,6.144,4608,1536,0,1536,1536,528,3072,0,0,0,412,0
314,6.144,5370,1790,0,1790,1790,5488,3580,0,0,0,3319,0
315,5.12,84,28,0,28,28,274,56,0,0,0,150,0
316,10.24,6636,2212,0,2212,2212,137038,4424,0,0,0,50891,0
317,9.216,4200,1400,0,1400,1400,92834,2800,0,0,0,33898,0
318,4.096,6144,2048,0,2048,1380,0,4096,0,0,0,0,0
319,6.144,4812,1604,0,1604,1604,7710,3208,0,0,0,4544,0
320,7.168,7662,2554,0,2554,2554,5899,5108,0,0,0,3846,0
321,7.168,4446,1482,0,1482,1482,10310,2964,0,0,0,6554,0
322,6.144,6144,2048,0,2048,2048,1675,4096,0,0,0,1057,0
323,4.096,3072,1024,0,1024,1024,0,2048,0,0,0,0,0
324,4.096,6144,2048,0,2048,2048,0,4096,0,0,0,0,0
325,6.144,1764,588,0,588,588,3257,1176,0,0,0,2354,0
326,6.144,4740,1580,0,1580,1580,965,3160,0,0,0,786,0
327,4.096,6144,2048,0,2048,2048,0,4096,0,0,0,0,0
328,4.096,6144,2048,0,2048,2048,0,4096,0,0,0,0,0
329,8.192,10038,3346,0,3346,3346,4912,6692,0,0,0,3422,0
330,10.24,9354,3118,0,3118,2637,120038,6236,0,0,0,44361,0
331,4.096,9396,3132,0,3132,740,0,6264,0,0,0,0,0
332,4.096,6144,2048,0,2048,1986,0,4096,0,0,0,0,0
333,7.168,1674,558,0,558,558,20989,1116,0,0,0,8824,0
334,6.144,9228,3076,0,3076,3076,8737,6152,0,0,0,5597,0
335,8.192,10152,3384,0,3384,3384,8135,6768,0,0,0,4749,0
336,7.168,9918,3306,0,3306,3306,3213,6612,0,0,0,3147,0
337,7.168,7170,2390,0,2390,2390,579,4780,0,0,0,456,0
338,3.072,1536,512,0,512,511,0,1024,0,0,0,0,0
339,6.144,4122,1374,0,1374,1374,3571,2748,0,0,0,1668,0
340,6.144,228,76,0,76,76,98,152,0,0,0,90,0
341,7.168,3834,1278,0,1278,1278,7571,2556,0,0,0,5458,0
342,3.072,1536,512,0,512,512,0,1024,0,0,0,0,0
343,9.216,18432,6144,0,6144,6144,1183,12288,0,0,0,1183,0
344,5.12,12288,4096,0,4096,0,0,8192,0,0,0,0,0
345,6.144,18432,6144,0,6144,6144,0,12288,0,0,0,0,0
346,5.12,24,8,0,8,8,144,16,0,0,0,64,0
347,9.216,4266,1422,0,1422,1139,105237,2844,0,0,0,35465,0
348,8.192,17400,5800,0,5800,3427,5818,11600,0,0,0,3941,0
349,8.192,19728,6576,0,6576,6576,4501,13152,0,0,0,2626,0
350,10.24,15366,5122,0,5122,5122,46695,10244,0,0,0,24391,0
351,4.096,1536,512,0,512,512,0,1024,0,0,0,0,0
352,10.24,12804,4268,0,4268,4268,33046,8536,0,0,0,17964,0
353,8.192,18732,6244,0,6244,1433,4422,12488,0,0,0,2570,0
354,17.408,8874,2958,0,2958,1789,529910,5916,0,0,0,153272,0
355,17.408,12660,4220,0,4220,4220,251199,8440,0,0,0,95109,0
356,7.168,11610,3870,0,3870,2838,0,7740,0,0,0,0,0
357,4.096,6144,2048,0,2048,2048,0,4096,0,0,0,0,0
358,6.144,12288,4096,0,4096,4096,0,8192,0,0,0,0,0
359,7.168,642,214,0,214,214,489,428,0,0,0,437,0
360,8.192,8736,2912,0,2912,2912,24184,5824,0,0,0,14729,0
361,7.168,3546,1182,0,1182,1182,6857,2364,0,0,0,3733,0
362,12.288,5514,1838,0,1838,1838,152538,3676,0,0,0,52891,0
363,6.144,900,300,0,300,300,3013,600,0,0,0,1806,0
364,8.192,9696,3232,0,3232,3232,25159,6464,0,0,0,13697,0
365,5.12,6144,2048,0,2048,1908,0,4096,0,0,0,0,0
366,10.24,10968,3656,0,3656,3656,22239,7312,0,0,0,11067,0
367,6.144,714,238,0,238,238,66,476,0,0,0,48,0
368,7.168,18432,6144,0,6144,6144,0,12288,0,0,0,0,0
369,7.168,12408,4136,0,4136,4136,0,8272,0,0,0,0,0
370,11.264,11022,3674,0,3674,3674,55110,7348,0,0,0,25497,0
371,5.12,6144,2048,0,2048,2048,0,4096,0,0,0,0,0
372,9.216,18948,6316,0,6316,6316,16720,12632,0,0,0,7651,0
373,4.096,6144,2048,0,2048,52,0,4096,0,0,0,0,0
374,7.168,5268,1756,0,1756,1756,8518,3512,0,0,0,4645,0
375,5.12,6144,2048,0,2048,2048,0,4096,0,0,0,0,0
376,7.168,12288,4096,0,4096,4096,0,8192,0,0,0,0,0
377,9.216,13008,4336,0,4336,4336,23152,8672,0,0,0,10817,0
378,9.216,6078,2026,0,2026,2026,39035,4052,0,0,0,14557,0
379,8.192,9096,3032,0,3032,3032,12603,6064,0,0,0,7060,0
380,13.312,6468,2156,0,2156,2156,179563,4312,0,0,0,60263,0
381,5.12,6144,2048,0,2048,2048,0,4096,0,0,0,0,0
382,9.216,9060,3020,0,3020,3020,9849,6040,0,0,0,6788,0
383,9.216,14028,4676,0,4676,4676,25745,9352,0,0,0,13231,0
384,6.144,12288,4096,0,4096,4096,0,8192,0,0,0,0,0
385,10.24,11502,3834,0,3834,3834,21003,7668,0,0,0,10781,0
386,7.168,2016,672,0,672,672,3610,1344,0,0,0,2137,0
387,8.192,7884,2628,0,2628,2628,2777,5256,0,0,0,1369,0
388,6.144,6144,2048,0,2048,2048,0,4096,0,0,0,0,0
389,5.12,6144,2048,0,2048,2048,0,4096,0,0,0,0,0
390,6.144,6144,2048,0,2048,2048,0,4096,0,0,0,0,0
391,7.168,3990,1330,0,1330,1330,0,2660,0,0,0,0,0
392,6.144,3228,1076,0,1076,976,0,2152,0,0,0,0,0
393,7.168,2040,680,0,680,680,3400,1360,0,0,0,1562,0
394,7.168,10176,3392,0,3392,3392,0,6784,0,0,0,0,0
395,8.192,18432,6144,0,6144,6144,0,12288,0,0,0,0,0
396,5.12,1536,512,0,512,146,0,1024,0,0,0,0,0
397,6.144,6144,2048,0,2048,1819,0,4096,0,0,0,0,0
398,5.12,3072,1024,0,1024,1024,0,2048,0,0,0,0,0
399,6.144,6144,2048,0,2048,2048,0,4096,0,0,0,0,0
400,10.24,5508,1836,0,1836,1836,2920,3672,0,0,0,2187,0
401,10.24,11742,3914,0,3914,3859,36743,7828,0,0,0,18544,0
402,8.192,1428,476,0,476,476,3003,952,0,0,0,1347,0
403,12.288,11598,3866,0,3866,3866,11249,7732,0,0,0,5838,0
404,6.144,6144,2048,0,2048,2048,0,4096,0,0,0,0,0
405,7.168,18432,6144,0,6144,6144,0,12288,0,0,0,0,0
406,6.144,6144,2048,0,2048,2048,0,4096,0,0,0,0,0
407,5.12,1536,512,0,512,512,0,1024,0,0,0,0,0
408,5.12,408,136,0,136,136,0,272,0,0,0,0,0
409,5.12,5652,1884,0,1884,0,0,3768,0,0,0,0,0
410,9.216,5358,1786,0,1786,670,20443,3572,0,0,0,7045,0
411,5.12,258,86,0,86,78,0,172,0,0,0,0,0
412,6.144,6144,2048,0,2048,128,0,4096,0,0,0,0,0
413,8.192,3570,1190,0,1190,1190,4330,2380,0,0,0,3048,0
414,8.192,2304,768,0,768,300,770,1536,0,0,0,418,0
415,9.216,12372,4124,0,4124,2426,933,8248,0,0,0,451,0
416,6.144,3072,1024,0,1024,560,0,2048,0,0,0,0,0
417,8.192,18432,6144,0,6144,1119,0,12288,0,0,0,0,0
418,6.144,6144,2048,0,2048,1290,0,4096,0,0,0,0,0
419,6.144,2376,792,0,792,24,0,1584,0,0,0,0,0
420,8.192,9618,3206,0,3206,965,1385,6412,0,0,0,888,0
421,8.192,18432,6144,0,6144,3463,0,12288,0,0,0,0,0
422,9.216,4380,1460,0,1460,1460,29015,2920,0,0,0,12334,0
423,9.216,6882,2294,0,2294,2294,5109,4588,0,0,0,3700,0
424,7.168,4728,1576,0,1576,1576,410,3152,0,0,0,291,0
425,8.192,6594,2198,0,2198,2198,1570,4396,0,0,0,1197,0
426,11.264,11370,3790,0,3790,3790,7014,7580,0,0,0,4855,0
427,9.216,7230,2410,0,2410,2410,16296,4820,0,0,0,10334,0
428,7.168,222,74,0,74,74,914,148,0,0,0,507,0
429,7.168,846,282,0,282,282,1828,564,0,0,0,957,0
430,6.144,6144,2048,0,2048,2048,0,4096,0,0,0,0,0
431,7.168,6144,2048,0,2048,2048,0,4096,0,0,0,0,0
432,9.216,12516,4172,0,4172,4172,5701,8344,0,0,0,4608,0
433,9.216,5952,1984,0,1984,1984,5050,3968,0,0,0,3776,0
434,9.216,4992,1664,0,1664,1664,3244,3328,0,0,0,2190,0
435,8.192,6240,2080,0,2080,2080,3078,4160,0,0,0,2165,0
436,7.168,312,104,0,104,104,640,208,0,0,0,399,0
437,14.336,19590,6530,0,6530,6530,79577,13060,0,0,0,38384,0
438,10.24,10662,3554,0,3554,3554,2940,7108,0,0,0,2458,0
439,6.144,6144,2048,0,2048,2048,0,4096,0,0,0,0,0
440,6.144,3072,1024,0,1024,1024,0,2048,0,0,0,0,0
441,8.192,3522,1174,0,1174,1174,1155,2348,0,0,0,752,0
442,7.168,6144,2048,0,2048,2048,0,4096,0,0,0,0,0
443,8.192,4224,1408,0,1408,1408,4107,2816,0,0,0,2013,0
444,9.216,1098,366,0,366,366,2531,732,0,0,0,1220,0
445,8.192,804,268,0,268,268,577,536,0,0,0,455,0
446,11.264,10230,3410,0,3410,3410,4741,6820,0,0,0,3238,0
447,7.168,3072,1024,0,1024,1024,0,2048,0,0,0,0,0
448,6.144,1536,512,0,512,512,0,1024,0,0,0,0,0
449,9.216,8460,2820,0,2820,2820,238,5640,0,0,0,188,0
450,8.192,2166,722,0,722,722,122,1444,0,0,0,100,0
451,10.24,9912,3304,0,3304,3304,5789,6608,0,0,0,4038,0
452,10.24,7248,2416,0,2416,2416,8086,4832,0,0,0,5588,0
453,12.288,9876,3292,0,3292,3292,54567,6584,0,0,0,24798,0
454,8.192,552,184,0,184,184,156,368,0,0,0,82,0
455,11.264,9450,3150,0,3150,3150,21762,6300,0,0,0,11297,0
456,8.192,7344,2448,0,2448,233,2113,4896,0,0,0,1082,0
457,6.144,84,28,0,28,28,0,56,0,0,0,0,0
458,7.168,6144,2048,0,2048,2048,0,4096,0,0,0,0,0
459,7.168,6144,2048,0,2048,1532,0,4096,0,0,0,0,0
460,9.216,3882,1294,0,1294,1294,82,2588,0,0,0,56,0
461,7.168,3480,1160,0,1160,1160,0,2320,0,0,0,0,0
462,6.144,1536,512,0,512,512,0,1024,0,0,0,0,0
463,8.192,12288,4096,0,4096,4096,0,8192,0,0,0,0,0
464,9.216,9192,3064,0,3064,3064,0,6128,0,0,0,0,0
465,349.184,690,230,0,230,230,262,460,0,0,0,162,0
466,6.144,5592,1864,0,1864,0,0,3728,0,0,0,0,0
467,10.24,7890,2630,0,2630,2630,15825,5260,0,0,0,9045,0
468,11.264,5538,1846,0,1846,739,73508,3692,0,0,0,23391,0
469,8.192,4722,1574,0,1574,1574,0,3148,0,0,0,0,0
470,9.216,3396,1132,0,1132,210,1997,2264,0,0,0,886,0
471,11.264,6930,2310,0,2310,2310,29146,4620,0,0,0,13001,0
472,10.24,5730,1910,0,1910,1909,34209,3820,0,0,0,15155,0
473,10.24,15726,5242,0,5242,5242,592,10484,0,0,0,303,0
474,14.336,8562,2854,0,2854,878,228803,5708,0,0,0,65286,0
475,7.168,6144,2048,0,2048,2048,0,4096,0,0,0,0,0
476,10.24,11550,3850,0,3850,3850,0,7700,0,0,0,0,0
477,7.168,6144,2048,0,2048,2048,0,4096,0,0,0,0,0
478,11.264,7836,2612,0,2612,2612,13677,5224,0,0,0,7717,0
479,7.168,6144,2048,0,2048,1038,0,4096,0,0,0,0,0
480,7.168,6144,2048,0,2048,2048,0,4096,0,0,0,0,0
481,15.36,11604,3868,0,3868,3868,127169,7736,0,0,0,54373,0
482,11.264,10038,3346,0,3346,3346,20774,6692,0,0,0,9589,0
483,11.264,10224,3408,0,3408,3408,5391,6816,0,0,0,3737,0
484,9.216,9654,3218,0,3218,3218,0,6436,0,0,0,0,0
485,7.168,6144,2048,0,2048,950,0,4096,0,0,0,0,0
486,10.24,6402,2134,0,2134,2134,10230,4268,0,0,0,5306,0
487,8.192,7890,2630,0,2630,2630,0,5260,0,0,0,0,0
488,8.192,2196,732,0,732,732,0,1464,0,0,0,0,0
489,7.168,774,258,0,258,258,0,516,0,0,0,0,0
490,10.24,10464,3488,0,3488,3488,0,6976,0,0,0,0,0
491,7.168,4608,1536,0,1536,1536,0,3072,0,0,0,0,0
492,9.216,10170,3390,0,3390,3390,0,6780,0,0,0,0,0
493,8.192,6144,2048,0,2048,2048,0,4096,0,0,0,0,0
494,7.168,3072,1024,0,1024,1024,0,2048,0,0,0,0,0
495,9.216,9180,3060,0,3060,3060,0,6120,0,0,0,0,0
496,10.24,9930,3310,0,3310,3310,0,6620,0,0,0,0,0
497,8.192,2892,964,0,964,964,0,1928,0,0,0,0,0
498,7.168,6144,2048,0,2048,2048,0,4096,0,0,0,0,0
499,7.168,6144,2048,0,2048,2048,0,4096,0,0,0,0,0
500,8.192,6144,2048,0,2048,2048,0,4096,0,0,0,0,0
501,6.144,3072,1024,0,1024,1024,0,2048,0,0,0,0,0
502,7.168,6144,2048,0,2048,2048,0,4096,0,0,0,0,0
503,10.208,9312,3104,0,3104,3104,0,6208,0,0,0,0,0
504,8.192,6144,2048,0,2048,2048,0,4096,0,0,0,0,0
505,12.288,13512,4504,0,4504,4504,244,9008,0,0,0,148,0
506,7.168,804,268,0,268,268,0,536,0,0,0,0,0
507,9.216,9264,3088,0,3088,3088,0,6176,0,0,0,0,0
508,10.24,9210,3070,0,3070,3070,0,6140,0,0,0,0,0
509,12.288,1536,512,0,512,512,0,1024,0,0,0,0,0
510,10.24,6276,2092,0,2092,2092,0,4184,0,0,0,0,0
511,8.192,6144,2048,0,2048,2048,0,4096,0,0,0,0,0
512,9.216,4176,1392,0,1392,1392,0,2784,0,0,0,0,0
513,8.192,294,98,0,98,98,0,196,0,0,0,0,0
514,7.168,3072,1024,0,1024,1024,0,2048,0,0,0,0,0
515,8.192,4608,1536,0,1536,1536,0,3072,0,0,0,0,0
516,12.288,23604,7868,0,7868,7868,0,15736,0,0,0,0,0
517,7.168,6144,2048,0,2048,2048,0,4096,0,0,0,0,0
518,8.192,750,250,0,250,250,0,500,0,0,0,0,0
532,3.072,0,0,0,0,0,0,0,0,0,0,0,0
539,4.096,0,0,0,0,0,0,0,0,0,0,0,64
556,1.024,66,22,0,22,22,550,44,0,0,0,192,0
558,1.024,102,34,0,34,34,0,68,0,0,0,0,0
560,1.024,36,12,0,12,12,5,24,0,0,0,5,0
562,1.024,72,24,0,24,24,0,48,0,0,0,0,0
564,0.00,78,26,0,26,26,0,52,0,0,0,0,0
566,1.024,66,22,0,22,22,0,44,0,0,0,0,0
568,0.00,6,2,0,2,2,0,4,0,0,0,0,0
570,0.00,114,38,0,38,38,0,76,0,0,0,0,0
572,1.024,42,14,0,14,14,0,28,0,0,0,0,0
574,0.00,126,42,0,42,42,0,84,0,0,0,0,0
576,0.00,60,20,0,20,20,0,40,0,0,0,0,0
578,1.024,6,2,0,2,2,0,4,0,0,0,0,0
580,0.00,96,32,0,32,32,0,64,0,0,0,0,0
582,1.024,6,2,0,2,2,0,4,0,0,0,0,0
584,0.00,66,22,0,22,22,0,44,0,0,0,0,0
586,0.00,162,54,0,54,54,0,108,0,0,0,0,0
588,1.024,6,2,0,2,2,0,4,0,0,0,0,0
590,1.024,48,16,0,16,16,0,32,0,0,0,0,0
592,0.00,78,26,0,26,26,0,52,0,0,0,0,0
594,0.00,6,2,0,2,2,0,4,0,0,0,0,0
596,1.024,6,2,0,2,2,0,4,0,0,0,0,0
598,0.00,6,2,0,2,2,0,4,0,0,0,0,0
600,1.024,6,2,0,2,2,0,4,0,0,0,0,0
602,1.024,36,12,0,12,12,0,24,0,0,0,0,0
604,0.00,18,6,0,6,6,0,12,0,0,0,0,0
606,1.024,6,2,0,2,2,0,4,0,0,0,0,0
608,0.00,12,4,0,4,4,0,8,0,0,0,0,0
610,0.00,108,36,0,36,36,0,72,0,0,0,0,0
612,1.024,6,2,0,2,2,0,4,0,0,0,0,0
614,0.00,6,2,0,2,2,0,4,0,0,0,0,0
616,0.00,96,32,0,32,32,0,64,0,0,0,0,0
618,1.024,48,16,0,16,2,0,32,0,0,0,0,0
620,0.00,6,2,0,2,2,0,4,0,0,0,0,0
622,1.024,18,6,0,6,6,0,12,0,0,0,0,0
624,1.024,72,24,0,24,24,0,48,0,0,0,0,0
626,0.00,72,24,0,24,24,0,48,0,0,0,0,0
628,1.024,36,12,0,12,12,0,24,0,0,0,0,0
630,0.00,12,4,0,4,4,0,8,0,0,0,0,0
632,1.024,78,26,0,26,26,0,52,0,0,0,0,0
634,1.024,36,12,0,12,12,0,24,0,0,0,0,0
636,0.00,60,20,0,20,20,0,40,0,0,0,0,0
638,1.024,30,10,0,10,10,0,20,0,0,0,0,0
640,0.00,18,6,0,6,6,0,12,0,0,0,0,0
642,1.024,120,40,0,40,35,0,80,0,0,0,0,0
644,1.024,42,14,0,14,14,0,28,0,0,0,0,0
646,0.00,78,26,0,26,26,0,52,0,0,0,0,0
648,1.024,12,4,0,4,4,0,8,0,0,0,0,0
650,1.024,6,2,0,2,2,0,4,0,0,0,0,0
684,12.288,636,212,0,212,212,81333,424,0,0,0,81333,0
686,1.024,96,32,0,32,32,994,64,0,0,0,994,0
688,1.024,690,230,0,230,230,6759,460,0,0,0,6759,0
706,31.744,3,1,0,1,1,921600,3,0,0,0,921600,0
724,1.76,0,0,0,0,0,0,0,0,0,0,0,0
